type,main_condition,condition_value,sub_condition,sub_condition_value,pfs_0,pfs_0_months_mean,pfs_0_months_std,pfs_1,pfs_1_months_mean,pfs_1_months_std,pfs_1_perc,dss_0,dss_0_months_mean,dss_0_months_std,dss_1,dss_1_months_mean,dss_1_months_std,dss_1_perc,proportion_val_1_pfs,proportion_val_1_pfs_chi2_p,proportion_val_2_pfs,proportion_val_2_pfs_chi2_p,proportion_val_1_dds,proportion_val_1_dds_chi2_p,proportion_val_2_dds,proportion_val_2_dds_chi2_p,significance_level,significance
chemo_0_hormo_0,grade,1,,,39,158.28,100.07,14,65.84,57.37,26.42,40,157.35,99.24,13,61.61,55.78,24.53,1.0814,0.903491,0.5821,0.106751,0.5826,0.547052,0.4982,0.057196,,0
chemo_0_hormo_0,grade,2,,,129,154.65,88.02,87,77.44,63.29,40.28,149,142.98,88.12,66,81.10,69.35,30.70,0.7197,0.091724,0.7048,0.002691,0.8026,0.335534,0.8638,0.271433,PFS 2nd (p<0.05),1
chemo_0_hormo_0,grade,3,,,145,169.45,91.78,80,43.98,46.52,35.56,145,166.77,90.32,79,46.22,57.82,35.27,1.0576,0.6528,1.1752,0.13615,1.0975,0.454103,1.0488,0.675513,,0
chemo_0_hormo_1,grade,1,,,77,95.12,66.44,14,62.80,40.41,15.38,79,94.58,66.06,11,65.13,38.37,12.22,1.3004,0.651742,0.5821,0.106751,0.5458,0.531237,0.4982,0.057196,,0
chemo_0_hormo_1,grade,2,,,285,116.36,75.12,113,64.00,48.69,28.39,291,113.70,75.81,105,68.65,50.08,26.52,0.6978,0.075576,0.7048,0.002691,0.4623,0.002118,0.8638,0.271433,"PFS 2nd (p<0.05), DDS (p<0.05)",1
chemo_0_hormo_1,grade,3,,,202,130.53,75.01,145,52.73,49.67,41.79,218,119.80,74.69,128,59.20,58.95,36.99,0.9306,0.571094,1.1752,0.13615,0.9227,0.566447,1.0488,0.675513,,0
chemo_1_hormo_0,grade,1,,,5,47.18,26.37,2,17.73,16.55,28.57,6,40.32,28.96,1,29.43,nan,14.29,1.0814,0.903491,0.7,0.654992,0.5826,0.547052,0.4668,0.562591,,0
chemo_1_hormo_0,grade,2,,,49,86.19,102.88,20,50.00,40.24,28.99,52,84.05,100.61,17,50.16,40.70,24.64,0.7197,0.091724,0.6833,0.161425,0.8026,0.335534,0.4976,0.033797,DDS (p<0.05),1
chemo_1_hormo_0,grade,3,,,136,106.92,92.97,82,24.92,21.47,37.61,133,104.19,90.85,84,30.85,46.34,38.71,1.0576,0.6528,1.034,0.814611,1.0975,0.454103,0.8817,0.396809,,0
chemo_1_hormo_1,grade,1,,,12,56.78,43.82,3,73.30,15.00,20.00,14,60.34,41.34,1,56.50,nan,6.67,1.3004,0.651742,0.7,0.654992,0.5458,0.531237,0.4668,0.562591,,0
chemo_1_hormo_1,grade,2,,,85,57.79,48.26,21,59.35,44.56,19.81,93,58.15,48.18,13,57.81,42.66,12.26,0.6978,0.075576,0.6833,0.161425,0.4623,0.002118,0.4976,0.033797,"DDS (p<0.05), DDS (p<0.05)",1
chemo_1_hormo_1,grade,3,,,77,88.03,71.77,49,41.77,37.76,38.89,83,87.15,70.26,43,37.00,33.79,34.13,0.9306,0.571094,1.034,0.814611,0.9227,0.566447,0.8817,0.396809,,0
chemo_0,grade,1,,,116,116.36,84.40,28,64.32,48.72,19.44,119,115.68,83.82,24,63.22,47.61,16.78,1.1692,0.719337,,,0.5417,0.356581,,,,0
chemo_0,grade,2,,,414,128.29,81.22,200,69.85,55.76,32.57,440,123.62,81.28,171,73.45,58.40,27.99,0.7194,0.020507,,,0.6124,0.003742,,,"PFS (p<0.05), DDS (p<0.05)",1
chemo_0,grade,3,,,347,146.79,84.52,225,49.62,48.65,39.34,363,138.56,84.38,207,54.25,58.72,36.32,0.968,0.706073,,,1.0195,0.829109,,,,0
chemo_1,grade,1,,,17,53.96,38.92,5,51.07,33.28,22.73,20,54.34,38.45,2,42.97,19.14,9.09,1.1692,0.719337,,,0.5417,0.356581,,,,0
chemo_1,grade,2,,,134,68.18,74.02,41,54.79,42.24,23.43,145,67.44,72.27,30,53.47,41.01,17.14,0.7194,0.020507,,,0.6124,0.003742,,,"PFS (p<0.05), DDS (p<0.05)",1
chemo_1,grade,3,,,213,100.09,86.22,131,31.22,29.68,38.08,216,97.64,83.78,127,32.94,42.47,37.03,0.968,0.706073,,,1.0195,0.829109,,,,0
hormon_0,grade,1,,,44,145.66,100.93,16,59.83,56.04,26.67,46,142.08,101.07,14,59.31,54.28,23.33,0.6014,0.09925,,,0.4899,0.043486,,,DDS (p<0.05),1
hormon_0,grade,2,,,178,135.80,97.02,107,72.31,60.46,37.54,201,127.74,94.85,83,74.76,65.53,29.23,0.7083,0.001329,,,0.8043,0.077461,,,PFS (p<0.05),1
hormon_0,grade,3,,,281,139.18,97.36,162,34.33,37.22,36.57,278,136.83,95.68,163,38.30,52.62,36.96,1.1214,0.167737,,,0.9802,0.818349,,,,0
hormon_1,grade,1,,,89,89.95,65.00,17,64.66,37.04,16.04,93,89.43,63.97,12,64.41,36.66,11.43,0.6014,0.09925,,,0.4899,0.043486,,,DDS (p<0.05),1
hormon_1,grade,2,,,370,102.91,74.04,134,63.28,47.93,26.59,384,100.25,74.01,118,67.45,49.27,23.51,0.7083,0.001329,,,0.8043,0.077461,,,PFS (p<0.05),1
hormon_1,grade,3,,,279,118.80,76.41,194,49.96,47.09,41.01,301,110.79,74.82,171,53.62,54.51,36.23,1.1214,0.167737,,,0.9802,0.818349,,,,0
chemo_0_hormo_0,pathologic_stage,I,,,133,184.25,83.39,83,77.40,65.54,38.43,153,170.74,85.80,62,73.40,70.60,28.84,0.5204,0.153437,0.5477,0.0004,0.6935,0.462383,0.7757,0.164858,PFS 2nd (p<0.05),1
chemo_0_hormo_0,pathologic_stage,IA,,,3,24.08,5.07,0,nan,nan,nan,3,24.08,5.07,0,nan,nan,nan,,,,,,,,,,0
chemo_0_hormo_0,pathologic_stage,IB,,,1,21.17,nan,0,nan,nan,nan,1,21.17,nan,0,nan,nan,nan,,,,,,,,,,0
chemo_0_hormo_0,pathologic_stage,II,,,95,156.89,94.70,62,48.22,51.81,39.49,97,150.36,94.97,60,55.15,64.83,38.22,1.293,0.073685,0.9924,0.949525,1.4197,0.013277,0.9605,0.745186,,0
chemo_0_hormo_0,pathologic_stage,IIA,,,4,12.44,5.27,0,nan,nan,nan,4,12.44,5.27,0,nan,nan,nan,,,,,,,,,,0
chemo_0_hormo_0,pathologic_stage,IIB,,,4,46.96,58.27,0,nan,nan,nan,3,52.72,69.96,0,nan,nan,nan,,,,,,,,,,0
chemo_0_hormo_0,pathologic_stage,III,,,0,nan,nan,0,nan,nan,nan,0,nan,nan,0,nan,nan,nan,,,,,,,,,,0
chemo_0_hormo_0,pathologic_stage,IIIA,,,0,nan,nan,0,nan,nan,nan,0,nan,nan,0,nan,nan,nan,,,,,,,,,,0
chemo_0_hormo_0,pathologic_stage,IIIB,,,0,nan,nan,0,nan,nan,nan,0,nan,nan,0,nan,nan,nan,,,,,,,,,,0
chemo_0_hormo_0,pathologic_stage,IIIC,,,1,9.10,nan,0,nan,nan,nan,1,9.10,nan,0,nan,nan,nan,,,,,,,,,,0
chemo_0_hormo_0,pathologic_stage,IV,,,2,25.27,4.57,0,nan,nan,nan,0,nan,nan,2,25.27,4.57,nan,,,,,,,,,,0
chemo_0_hormo_1,pathologic_stage,I,,,120,137.75,70.38,32,62.98,49.20,21.05,118,135.93,68.88,34,73.71,67.07,22.37,2.5914,0.011181,0.5477,0.0004,2.0317,0.083081,0.7757,0.164858,PFS 2nd (p<0.05),1
chemo_0_hormo_1,pathologic_stage,IA,,,11,24.68,26.84,0,nan,nan,nan,11,24.68,26.84,0,nan,nan,nan,,,,,,,,,,0
chemo_0_hormo_1,pathologic_stage,IB,,,2,57.87,37.95,0,nan,nan,nan,2,57.87,37.95,0,nan,nan,nan,,,,,,,,,,0
chemo_0_hormo_1,pathologic_stage,II,,,211,133.61,74.90,136,66.56,51.90,39.19,219,127.02,75.25,127,71.70,55.48,36.71,0.9878,0.942728,0.9924,0.949525,0.9665,0.854068,0.9605,0.745186,,0
chemo_0_hormo_1,pathologic_stage,IIA,,,32,25.06,14.53,3,16.96,9.15,8.57,34,24.15,14.39,0,nan,nan,nan,0.8331,0.815867,,,,,,,,0
chemo_0_hormo_1,pathologic_stage,IIB,,,18,26.46,16.40,4,23.16,14.19,18.18,21,26.35,15.98,0,nan,nan,nan,0.846,0.776896,,,,,,,,0
chemo_0_hormo_1,pathologic_stage,III,,,18,101.38,72.74,28,37.90,30.13,60.87,20,92.88,74.86,26,39.55,28.28,56.52,1.0562,0.817942,,,0.8846,0.667574,,,,0
chemo_0_hormo_1,pathologic_stage,IIIA,,,6,31.79,23.25,2,11.70,15.56,25.00,6,24.28,15.17,1,0.70,nan,14.29,0.4136,0.283076,,,,,,,,0
chemo_0_hormo_1,pathologic_stage,IIIB,,,0,nan,nan,1,49.73,nan,nan,1,49.73,nan,0,nan,nan,nan,,,,,,,,,,0
chemo_0_hormo_1,pathologic_stage,IIIC,,,2,19.54,1.61,0,nan,nan,nan,2,19.54,1.61,0,nan,nan,nan,,,,,,,,,,0
chemo_0_hormo_1,pathologic_stage,IV,,,1,78.27,nan,3,28.33,23.41,75.00,2,63.65,20.68,2,17.98,21.28,50.00,,,,,,,,,,0
chemo_1_hormo_0,pathologic_stage,I,,,12,70.39,38.63,3,42.94,40.01,20.00,12,74.65,37.53,3,25.88,10.47,20.00,0.5204,0.153437,2.7275,0.067362,0.6935,0.462383,2.2725,0.164725,,0
chemo_1_hormo_0,pathologic_stage,IA,,,6,30.00,20.77,0,nan,nan,nan,6,30.00,20.77,0,nan,nan,nan,,,,,,,,,,0
chemo_1_hormo_0,pathologic_stage,IB,,,0,nan,nan,0,nan,nan,nan,0,nan,nan,0,nan,nan,nan,,,,,,,,,,0
chemo_1_hormo_0,pathologic_stage,II,,,46,184.86,95.55,48,33.25,31.15,51.06,43,190.11,94.06,51,37.75,40.81,54.26,1.293,0.073685,0.7581,0.129846,1.4197,0.013277,0.6539,0.021481,DDS (p<0.05),1
chemo_1_hormo_0,pathologic_stage,IIA,,,44,37.03,29.30,1,10.17,nan,2.22,45,36.43,29.24,0,nan,nan,nan,,,3.2162,0.273485,,,,,,0
chemo_1_hormo_0,pathologic_stage,IIB,,,23,42.75,39.74,1,26.73,nan,4.17,22,38.55,35.07,1,26.73,nan,4.35,,,3.6882,0.168861,,,1.7678,0.604585,,0
chemo_1_hormo_0,pathologic_stage,III,,,10,179.36,139.04,16,21.65,14.72,61.54,8,186.87,119.79,18,35.84,78.03,69.23,,,1.0447,0.864079,,,0.7222,0.230804,,0
chemo_1_hormo_0,pathologic_stage,IIIA,,,11,31.91,26.25,5,19.24,12.15,31.25,13,29.36,25.05,3,21.84,13.55,18.75,,,0.3309,0.079124,,,,,,0
chemo_1_hormo_0,pathologic_stage,IIIB,,,1,7.50,nan,0,nan,nan,nan,1,7.50,nan,0,nan,nan,nan,,,,,,,,,,0
chemo_1_hormo_0,pathologic_stage,IIIC,,,10,33.90,19.10,3,17.68,14.17,23.08,12,31.66,18.92,1,12.03,nan,7.69,,,0.5416,0.548893,,,,,,0
chemo_1_hormo_0,pathologic_stage,IV,,,0,nan,nan,2,10.05,2.19,nan,0,nan,nan,2,10.05,2.19,nan,,,,,,,,,,0
chemo_1_hormo_1,pathologic_stage,I,,,5,92.51,51.49,6,62.90,66.23,54.55,6,83.73,50.83,5,67.51,72.97,45.45,2.5914,0.011181,2.7275,0.067362,2.0317,0.083081,2.2725,0.164725,,0
chemo_1_hormo_1,pathologic_stage,IA,,,6,59.52,48.86,0,nan,nan,nan,6,59.52,48.86,0,nan,nan,nan,,,,,,,,,,0
chemo_1_hormo_1,pathologic_stage,IB,,,2,62.98,17.61,0,nan,nan,nan,2,62.98,17.61,0,nan,nan,nan,,,,,,,,,,0
chemo_1_hormo_1,pathologic_stage,II,,,38,120.41,52.31,24,63.09,42.73,38.71,40,124.05,48.21,22,51.26,34.98,35.48,0.9878,0.942728,0.7581,0.129846,0.9665,0.854068,0.6539,0.021481,DDS (p<0.05),1
chemo_1_hormo_1,pathologic_stage,IIA,,,39,41.07,31.25,3,53.09,45.57,7.14,41,41.75,32.26,1,49.00,nan,2.38,0.8331,0.815867,3.2162,0.273485,,,,,,0
chemo_1_hormo_1,pathologic_stage,IIB,,,33,40.21,27.26,6,29.59,20.27,15.38,36,38.99,26.68,3,33.56,26.44,7.69,0.846,0.776896,3.6882,0.168861,,,1.7678,0.604585,,0
chemo_1_hormo_1,pathologic_stage,III,,,5,192.66,124.30,9,41.56,33.70,64.29,7,165.29,112.22,7,25.75,9.73,50.00,1.0562,0.817942,1.0447,0.864079,0.8846,0.667574,0.7222,0.230804,,0
chemo_1_hormo_1,pathologic_stage,IIIA,,,26,43.88,32.84,3,49.39,31.36,10.34,29,44.45,32.19,0,nan,nan,nan,0.4136,0.283076,0.3309,0.079124,,,,,,0
chemo_1_hormo_1,pathologic_stage,IIIB,,,1,12.43,nan,1,7.90,nan,50.00,1,12.43,nan,1,7.90,nan,50.00,,,,,,,,,,0
chemo_1_hormo_1,pathologic_stage,IIIC,,,7,27.14,11.19,1,4.77,nan,12.50,8,24.35,13.04,0,nan,nan,nan,,,0.5416,0.548893,,,,,,0
chemo_1_hormo_1,pathologic_stage,IV,,,0,nan,nan,3,13.90,10.90,nan,0,nan,nan,3,13.90,10.90,nan,,,,,,,,,,0
chemo_0,pathologic_stage,I,,,253,162.19,80.76,115,73.39,61.56,31.25,271,155.58,80.62,96,73.51,69.02,26.16,1.1078,0.72101,,,1.1762,0.606506,,,,0
chemo_0,pathologic_stage,IA,,,14,24.55,23.62,0,nan,nan,nan,14,24.55,23.62,0,nan,nan,nan,,,,,,,,,,0
chemo_0,pathologic_stage,IB,,,3,45.63,34.19,0,nan,nan,nan,3,45.63,34.19,0,nan,nan,nan,,,,,,,,,,0
chemo_0,pathologic_stage,II,,,306,140.83,82.12,198,60.82,52.44,39.29,316,134.19,82.36,187,66.39,58.98,37.18,1.1746,0.127343,,,1.2585,0.031767,,,,0
chemo_0,pathologic_stage,IIA,,,36,23.66,14.33,3,16.96,9.15,7.69,38,22.92,14.15,0,nan,nan,nan,0.5982,0.483261,,,,,,,,0
chemo_0,pathologic_stage,IIB,,,22,30.19,27.72,4,23.16,14.19,15.38,24,29.64,26.96,0,nan,nan,nan,0.7224,0.577495,,,,,,,,0
chemo_0,pathologic_stage,III,,,18,101.38,72.74,28,37.90,30.13,60.87,20,92.88,74.86,26,39.55,28.28,56.52,1.0268,0.876755,,,1.1058,0.573518,,,,0
chemo_0,pathologic_stage,IIIA,,,6,31.79,23.25,2,11.70,15.56,25.00,6,24.28,15.17,1,0.70,nan,14.29,0.7112,0.630453,,,0.4668,0.4816,,,,0
chemo_0,pathologic_stage,IIIB,,,0,nan,nan,1,49.73,nan,nan,1,49.73,nan,0,nan,nan,nan,,,,,,,,,,0
chemo_0,pathologic_stage,IIIC,,,3,16.06,6.13,0,nan,nan,nan,3,16.06,6.13,0,nan,nan,nan,,,,,,,,,,0
chemo_0,pathologic_stage,IV,,,3,42.93,30.77,3,28.33,23.41,50.00,2,63.65,20.68,4,21.62,13.25,66.67,,,,,,,,,,0
chemo_1,pathologic_stage,I,,,17,76.89,42.38,9,56.25,56.93,34.62,18,77.68,41.12,8,51.90,59.48,30.77,1.1078,0.72101,,,1.1762,0.606506,,,,0
chemo_1,pathologic_stage,IA,,,12,44.76,38.97,0,nan,nan,nan,12,44.76,38.97,0,nan,nan,nan,,,,,,,,,,0
chemo_1,pathologic_stage,IB,,,2,62.98,17.61,0,nan,nan,nan,2,62.98,17.61,0,nan,nan,nan,,,,,,,,,,0
chemo_1,pathologic_stage,II,,,84,155.71,84.92,72,43.20,37.88,46.15,83,158.27,82.10,73,41.82,39.40,46.79,1.1746,0.127343,,,1.2585,0.031767,,,,0
chemo_1,pathologic_stage,IIA,,,83,38.93,30.12,4,42.36,42.95,4.60,86,38.97,30.65,1,49.00,nan,1.15,0.5982,0.483261,,,,,,,,0
chemo_1,pathologic_stage,IIB,,,56,41.25,32.64,7,29.18,18.54,11.11,58,38.83,29.84,4,31.85,21.86,6.45,0.7224,0.577495,,,,,,,,0
chemo_1,pathologic_stage,III,,,15,183.79,129.94,25,28.82,24.68,62.50,15,176.80,112.68,25,33.01,66.01,62.50,1.0268,0.876755,,,1.1058,0.573518,,,,0
chemo_1,pathologic_stage,IIIA,,,37,40.32,31.16,8,30.55,24.67,17.78,42,39.78,30.68,3,21.84,13.55,6.67,0.7112,0.630453,,,0.4668,0.4816,,,,0
chemo_1,pathologic_stage,IIIB,,,2,9.96,3.49,1,7.90,nan,33.33,2,9.96,3.49,1,7.90,nan,33.33,,,,,,,,,,0
chemo_1,pathologic_stage,IIIC,,,17,31.12,16.25,4,14.45,13.25,19.05,20,28.74,16.83,1,12.03,nan,4.76,,,,,,,,,,0
chemo_1,pathologic_stage,IV,,,0,nan,nan,5,12.36,8.06,nan,0,nan,nan,5,12.36,8.06,nan,,,,,,,,,,0
hormon_0,pathologic_stage,I,,,145,174.82,86.48,86,76.20,64.98,37.23,165,163.75,86.85,65,71.21,69.68,28.26,0.6261,0.003396,,,0.8468,0.337216,,,PFS (p<0.05),1
hormon_0,pathologic_stage,IA,,,9,28.03,16.88,0,nan,nan,nan,9,28.03,16.88,0,nan,nan,nan,,,,,,,,,,0
hormon_0,pathologic_stage,IB,,,1,21.17,nan,0,nan,nan,nan,1,21.17,nan,0,nan,nan,nan,,,,,,,,,,0
hormon_0,pathologic_stage,II,,,141,166.02,95.55,110,41.68,44.45,43.82,140,162.57,96.13,111,47.15,55.56,44.22,0.8927,0.232691,,,0.8259,0.049434,,,DDS (p<0.05),1
hormon_0,pathologic_stage,IIA,,,48,34.98,28.89,1,10.17,nan,2.04,49,34.47,28.80,0,nan,nan,nan,3.8186,0.169449,,,,,,,,0
hormon_0,pathologic_stage,IIB,,,27,43.37,41.60,1,26.73,nan,3.57,25,40.25,38.81,1,26.73,nan,3.85,4.591,0.087882,,,1.2987,0.815484,,,,0
hormon_0,pathologic_stage,III,,,10,179.36,139.04,16,21.65,14.72,61.54,8,186.87,119.79,18,35.84,78.03,69.23,1.0021,0.991041,,,0.7945,0.217303,,,,0
hormon_0,pathologic_stage,IIIA,,,11,31.91,26.25,5,19.24,12.15,31.25,13,29.36,25.05,3,21.84,13.55,18.75,0.4323,0.129755,,,0.1483,0.046051,,,DDS (p<0.05),1
hormon_0,pathologic_stage,IIIB,,,1,7.50,nan,0,nan,nan,nan,1,7.50,nan,0,nan,nan,nan,,,,,,,,,,0
hormon_0,pathologic_stage,IIIC,,,11,31.64,19.60,3,17.68,14.17,21.43,13,29.93,19.16,1,12.03,nan,7.14,0.4666,0.458902,,,,,,,,0
hormon_0,pathologic_stage,IV,,,2,25.27,4.57,2,10.05,2.19,50.00,0,nan,nan,4,17.66,9.26,nan,1.7142,0.200751,,,,,,,,0
hormon_1,pathologic_stage,I,,,125,135.94,70.13,38,62.97,51.20,23.31,124,133.40,68.88,39,72.91,66.87,23.93,0.6261,0.003396,,,0.8468,0.337216,,,PFS (p<0.05),1
hormon_1,pathologic_stage,IA,,,17,36.98,38.61,0,nan,nan,nan,17,36.98,38.61,0,nan,nan,nan,,,,,,,,,,0
hormon_1,pathologic_stage,IB,,,4,60.42,24.33,0,nan,nan,nan,4,60.42,24.33,0,nan,nan,nan,,,,,,,,,,0
hormon_1,pathologic_stage,II,,,249,131.59,71.98,160,66.04,50.52,39.12,259,126.56,71.68,149,68.68,53.36,36.52,0.8927,0.232691,,,0.8259,0.049434,,,DDS (p<0.05),1
hormon_1,pathologic_stage,IIA,,,71,33.85,26.23,6,35.02,35.44,7.79,75,33.77,27.07,1,49.00,nan,1.32,3.8186,0.169449,,,,,,,,0
hormon_1,pathologic_stage,IIB,,,51,35.36,24.72,10,27.02,17.51,16.39,57,34.33,23.96,3,33.56,26.44,5.00,4.591,0.087882,,,1.2987,0.815484,,,,0
hormon_1,pathologic_stage,III,,,23,121.23,91.54,37,38.79,30.59,61.67,27,111.66,89.70,33,36.62,25.99,55.00,1.0021,0.991041,,,0.7945,0.217303,,,,0
hormon_1,pathologic_stage,IIIA,,,32,41.62,31.30,5,34.31,31.28,13.51,35,41.00,30.77,1,0.70,nan,2.78,0.4323,0.129755,,,0.1483,0.046051,,,DDS (p<0.05),1
hormon_1,pathologic_stage,IIIB,,,1,12.43,nan,2,28.81,29.58,66.67,2,31.08,26.38,1,7.90,nan,33.33,,,,,,,,,,0
hormon_1,pathologic_stage,IIIC,,,9,25.45,10.27,1,4.77,nan,10.00,10,23.38,11.69,0,nan,nan,nan,0.4666,0.458902,,,,,,,,0
hormon_1,pathologic_stage,IV,,,1,78.27,nan,6,21.12,18.14,85.71,2,63.65,20.68,5,15.53,13.33,71.43,1.7142,0.200751,,,,,,,,0
chemo_0_hormo_0,pathologic_stage,I_IA_IB,,,137,179.55,86.54,83,77.40,65.54,37.73,157,166.98,87.84,62,73.40,70.60,28.31,0.3787,0.032161,0.5139,0.0001,0.5048,0.167118,0.728,0.084349,"PFS (p<0.05), PFS 2nd (p<0.05)",1
chemo_0_hormo_0,pathologic_stage,II_IIA_IIB,,,103,147.01,97.77,62,48.22,51.81,37.58,104,142.24,97.22,60,55.15,64.83,36.59,0.8161,0.187577,0.942,0.623123,0.8773,0.393724,0.8655,0.25984,,0
chemo_0_hormo_0,pathologic_stage,III_IIIA_IIIB_IIIC,,,1,9.10,nan,0,nan,nan,nan,1,9.10,nan,0,nan,nan,nan,,,,,,,,,,0
chemo_0_hormo_0,pathologic_stage,IV,,,2,25.27,4.57,0,nan,nan,nan,0,nan,nan,2,25.27,4.57,nan,,,,,,,,,,0
chemo_0_hormo_1,pathologic_stage,I_IA_IB,,,133,127.20,74.71,32,62.98,49.20,19.39,131,125.39,73.25,34,73.71,67.07,20.61,1.6287,0.214064,0.5139,0.0001,1.277,0.564163,0.728,0.084349,PFS 2nd (p<0.05),1
chemo_0_hormo_1,pathologic_stage,II_IIA_IIB,,,261,112.91,79.93,143,64.30,51.63,35.40,274,106.54,79.01,127,71.70,55.48,31.67,0.652,0.006726,0.942,0.623123,0.574,0.002068,0.8655,0.25984,"PFS (p<0.05), DDS (p<0.05)",1
chemo_0_hormo_1,pathologic_stage,III_IIIA_IIIB_IIIC,,,26,79.03,69.89,31,36.59,29.56,54.39,29,72.14,69.70,27,38.11,28.72,48.21,0.4858,0.00287,,,0.313,0.000214,,,"PFS (p<0.05), DDS (p<0.05)",1
chemo_0_hormo_1,pathologic_stage,IV,,,1,78.27,nan,3,28.33,23.41,75.00,2,63.65,20.68,2,17.98,21.28,50.00,,,,,,,,,,0
chemo_1_hormo_0,pathologic_stage,I_IA_IB,,,18,56.92,38.42,3,42.94,40.01,14.29,18,59.77,38.82,3,25.88,10.47,14.29,0.3787,0.032161,2.2099,0.190891,0.5048,0.167118,1.8418,0.342178,PFS (p<0.05),1
chemo_1_hormo_0,pathologic_stage,II_IIA_IIB,,,113,98.37,97.44,50,32.66,30.69,30.67,110,96.93,98.06,52,37.54,40.43,32.10,0.8161,0.187577,0.7525,0.135828,0.8773,0.393724,0.5664,0.005434,DDS (p<0.05),1
chemo_1_hormo_0,pathologic_stage,III_IIIA_IIIB_IIIC,,,32,77.85,103.91,24,20.65,13.67,42.86,34,66.59,89.41,22,32.85,70.65,39.29,,,0.6164,0.07179,,,0.3841,0.004708,DDS (p<0.05),1
chemo_1_hormo_0,pathologic_stage,IV,,,0,nan,nan,2,10.05,2.19,nan,0,nan,nan,2,10.05,2.19,nan,,,,,,,,,,0
chemo_1_hormo_1,pathologic_stage,I_IA_IB,,,13,72.74,46.59,6,62.90,66.23,31.58,14,70.39,45.62,5,67.51,72.97,26.32,1.6287,0.214064,2.2099,0.190891,1.277,0.564163,1.8418,0.342178,,0
chemo_1_hormo_1,pathologic_stage,II_IIA_IIB,,,110,68.22,54.21,33,56.09,40.94,23.08,117,69.04,54.24,26,49.13,33.42,18.18,0.652,0.006726,0.7525,0.135828,0.574,0.002068,0.5664,0.005434,"PFS (p<0.05), DDS (p<0.05), DDS (p<0.05)",1
chemo_1_hormo_1,pathologic_stage,III_IIIA_IIIB_IIIC,,,39,59.15,71.46,14,38.20,32.30,26.42,45,58.96,67.88,8,23.52,11.00,15.09,0.4858,0.00287,0.6164,0.07179,0.313,0.000214,0.3841,0.004708,"PFS (p<0.05), DDS (p<0.05), DDS (p<0.05)",1
chemo_1_hormo_1,pathologic_stage,IV,,,0,nan,nan,3,13.90,10.90,nan,0,nan,nan,3,13.90,10.90,nan,,,,,,,,,,0
chemo_0,pathologic_stage,I_IA_IB,,,270,153.76,84.93,115,73.39,61.56,29.87,288,148.07,83.99,96,73.51,69.02,25.00,0.7533,0.32908,,,0.8,0.484271,,,,0
chemo_0,pathologic_stage,II_IIA_IIB,,,364,122.56,86.60,205,59.44,52.09,36.03,378,116.36,85.78,187,66.39,58.98,33.10,0.7527,0.007519,,,0.7725,0.021409,,,"PFS (p<0.05), DDS (p<0.05)",1
chemo_0,pathologic_stage,III_IIIA_IIIB_IIIC,,,27,76.44,69.84,31,36.59,29.56,53.45,30,70.04,69.45,27,38.11,28.72,47.37,0.6522,0.020213,,,0.581,0.010561,,,"PFS (p<0.05), DDS (p<0.05)",1
chemo_0,pathologic_stage,IV,,,3,42.93,30.77,3,28.33,23.41,50.00,2,63.65,20.68,4,21.62,13.25,66.67,,,,,,,,,,0
chemo_1,pathologic_stage,I_IA_IB,,,31,63.56,42.04,9,56.25,56.93,22.50,32,64.41,41.57,8,51.90,59.48,20.00,0.7533,0.32908,,,0.8,0.484271,,,,0
chemo_1,pathologic_stage,II_IIA_IIB,,,223,83.50,80.38,83,41.97,36.74,27.12,227,82.55,79.64,78,41.40,38.41,25.57,0.7527,0.007519,,,0.7725,0.021409,,,"PFS (p<0.05), DDS (p<0.05)",1
chemo_1,pathologic_stage,III_IIIA_IIIB_IIIC,,,71,67.57,87.41,38,27.12,23.59,34.86,79,62.25,77.43,30,30.36,60.51,27.52,0.6522,0.020213,,,0.581,0.010561,,,"PFS (p<0.05), DDS (p<0.05)",1
chemo_1,pathologic_stage,IV,,,0,nan,nan,5,12.36,8.06,nan,0,nan,nan,5,12.36,8.06,nan,,,,,,,,,,0
hormon_0,pathologic_stage,I_IA_IB,,,155,165.31,91.27,86,76.20,64.98,35.68,175,155.96,90.17,65,71.21,69.68,27.08,0.5788,0.00073,,,0.7829,0.162555,,,PFS (p<0.05),1
hormon_0,pathologic_stage,II_IIA_IIB,,,216,121.57,100.37,112,41.27,44.17,34.15,214,118.95,100.03,112,46.97,55.35,34.36,0.9423,0.54812,,,0.8184,0.053247,,,,0
hormon_0,pathologic_stage,III_IIIA_IIIB_IIIC,,,33,75.76,102.97,24,20.65,13.67,42.11,35,64.95,88.62,22,32.85,70.65,38.60,0.9715,0.881672,,,0.8319,0.403316,,,,0
hormon_0,pathologic_stage,IV,,,2,25.27,4.57,2,10.05,2.19,50.00,0,nan,nan,4,17.66,9.26,nan,1.7142,0.200751,,,,,,,,0
hormon_1,pathologic_stage,I_IA_IB,,,146,122.35,74.18,38,62.97,51.20,20.65,145,120.08,72.79,39,72.91,66.87,21.20,0.5788,0.00073,,,0.7829,0.162555,,,PFS (p<0.05),1
hormon_1,pathologic_stage,II_IIA_IIB,,,371,99.66,75.98,176,62.77,49.80,32.18,391,95.32,74.44,153,67.86,52.99,28.12,0.9423,0.54812,,,0.8184,0.053247,,,,0
hormon_1,pathologic_stage,III_IIIA_IIIB_IIIC,,,65,67.10,70.97,45,37.09,30.08,40.91,74,64.13,68.43,35,34.78,26.35,32.11,0.9715,0.881672,,,0.8319,0.403316,,,,0
hormon_1,pathologic_stage,IV,,,1,78.27,nan,6,21.12,18.14,85.71,2,63.65,20.68,5,15.53,13.33,71.43,1.7142,0.200751,,,,,,,,0
chemo_0_hormo_0,grade,1,size_documented,between_001_020,24,163.78,97.52,8,66.04,38.65,25.00,24,166.21,93.67,8,58.74,46.90,25.00,1.3332,0.752172,0.762,0.537753,1.3332,0.752172,0.3808,0.07356,,0
chemo_0_hormo_0,grade,2,size_documented,between_001_020,83,165.97,82.63,53,86.44,63.68,38.97,99,152.34,83.29,37,88.51,71.83,27.21,0.6754,0.285636,0.4842,0.000129,0.5803,0.28675,0.6979,0.093933,PFS 2nd (p<0.05),1
chemo_0_hormo_0,grade,3,size_documented,between_001_020,68,178.53,89.55,33,60.38,59.15,32.67,68,179.25,82.84,32,52.75,66.70,32.00,1.1175,0.61447,1.0386,0.846129,1.0913,0.699665,0.9487,0.796495,,0
chemo_0_hormo_1,grade,1,size_documented,between_001_020,34,96.07,66.57,8,84.33,34.04,19.05,38,96.16,63.56,4,71.73,34.77,9.52,0.8751,0.888841,0.762,0.537753,,,0.3808,0.07356,,0
chemo_0_hormo_1,grade,2,size_documented,between_001_020,129,131.22,71.69,30,69.80,58.79,18.87,128,129.84,73.34,30,77.82,58.23,18.99,0.6057,0.29463,0.4842,0.000129,0.6019,0.288203,0.6979,0.093933,PFS 2nd (p<0.05),1
chemo_0_hormo_1,grade,3,size_documented,between_001_020,74,141.54,69.07,38,64.73,48.84,33.93,78,132.55,67.30,34,76.30,69.84,30.36,1.4191,0.168782,1.0386,0.846129,1.22,0.502951,0.9487,0.796495,,0
chemo_1_hormo_0,grade,1,size_documented,between_001_020,2,48.36,44.88,1,29.43,nan,33.33,2,48.36,44.88,1,29.43,nan,33.33,1.3332,0.752172,0.5002,0.57075,1.3332,0.752172,,,,0
chemo_1_hormo_0,grade,2,size_documented,between_001_020,14,95.51,110.86,5,55.57,33.39,26.32,16,91.85,104.02,3,48.46,38.94,15.79,0.6754,0.285636,0.4343,0.160968,0.5803,0.28675,0.7239,0.648676,,0
chemo_1_hormo_0,grade,3,size_documented,between_001_020,40,119.26,94.03,23,20.48,11.62,36.51,41,112.82,93.44,22,28.00,42.55,34.92,1.1175,0.61447,1.3188,0.30162,1.0913,0.699665,1.0607,0.847575,,0
chemo_1_hormo_1,grade,1,size_documented,between_001_020,5,48.44,28.91,1,78.03,nan,16.67,6,53.37,28.54,0,nan,nan,nan,0.8751,0.888841,0.5002,0.57075,,,,,,0
chemo_1_hormo_1,grade,2,size_documented,between_001_020,31,69.02,57.24,4,89.85,61.05,11.43,31,67.81,58.10,4,99.18,45.62,11.43,0.6057,0.29463,0.4343,0.160968,0.6019,0.288203,0.7239,0.648676,,0
chemo_1_hormo_1,grade,3,size_documented,between_001_020,14,85.62,57.46,13,38.43,31.32,48.15,17,83.21,53.18,10,28.38,24.77,37.04,1.4191,0.168782,1.3188,0.30162,1.22,0.502951,1.0607,0.847575,,0
chemo_0,grade,1,size_documented,between_001_020,58,124.08,86.80,16,75.19,36.43,21.62,62,123.28,83.32,12,63.07,42.08,16.22,1.0278,0.96707,,,0.685,0.690713,,,,0
chemo_0,grade,2,size_documented,between_001_020,212,144.83,77.85,83,80.42,62.11,28.14,227,139.65,78.46,67,83.72,65.83,22.79,0.5924,0.078635,,,0.5687,0.104802,,,,0
chemo_0,grade,3,size_documented,between_001_020,142,159.25,81.39,71,62.71,53.52,33.33,146,154.30,78.25,66,64.88,68.84,31.13,1.2001,0.267221,,,1.1423,0.452664,,,,0
chemo_1,grade,1,size_documented,between_001_020,7,48.42,29.88,2,53.73,34.37,22.22,8,52.12,29.58,1,29.43,nan,11.11,1.0278,0.96707,,,0.685,0.690713,,,,0
chemo_1,grade,2,size_documented,between_001_020,45,77.26,77.58,9,70.80,47.77,16.67,47,76.00,76.57,7,77.44,47.76,12.96,0.5924,0.078635,,,0.5687,0.104802,,,,0
chemo_1,grade,3,size_documented,between_001_020,54,110.54,86.82,36,26.96,22.31,40.00,58,104.14,84.30,32,28.12,37.48,35.56,1.2001,0.267221,,,1.1423,0.452664,,,,0
hormon_0,grade,1,size_documented,between_001_020,26,154.90,99.06,9,61.97,38.15,25.71,26,157.15,95.80,9,55.48,44.95,25.71,0.7293,0.447083,,,0.324,0.031435,,,DDS (p<0.05),1
hormon_0,grade,2,size_documented,between_001_020,97,155.80,90.09,58,83.78,62.08,37.42,115,143.93,88.48,40,85.51,70.39,25.81,0.4685,2.8e-05,,,0.6827,0.063489,,,PFS (p<0.05),1
hormon_0,grade,3,size_documented,between_001_020,108,156.58,95.24,56,43.99,49.82,34.15,109,154.26,92.40,54,42.67,58.91,33.13,1.0744,0.644266,,,0.9553,0.785067,,,,0
hormon_1,grade,1,size_documented,between_001_020,39,89.96,64.78,9,83.63,31.91,18.75,44,90.32,61.57,4,71.73,34.77,8.33,0.7293,0.447083,,,0.324,0.031435,,,DDS (p<0.05),1
hormon_1,grade,2,size_documented,between_001_020,160,119.17,73.24,34,72.16,58.47,17.53,159,117.75,74.65,34,80.33,56.73,17.62,0.4685,2.8e-05,,,0.6827,0.063489,,,PFS (p<0.05),1
hormon_1,grade,3,size_documented,between_001_020,88,132.64,70.14,51,58.02,46.20,36.69,95,123.72,67.47,44,65.41,65.46,31.65,1.0744,0.644266,,,0.9553,0.785067,,,,0
chemo_0_hormo_0,grade,1,size_documented,between_021_040,10,137.04,99.34,4,82.08,97.48,28.57,12,135.77,99.29,2,34.75,4.03,14.29,,,0.1946,0.024533,,,0.3996,0.322199,PFS 2nd (p<0.05),1
chemo_0_hormo_0,grade,2,size_documented,between_021_040,40,142.65,91.75,29,58.27,59.36,42.03,44,129.80,94.48,25,67.37,64.79,36.23,0.9003,0.675292,0.8137,0.245447,0.8951,0.695666,0.8913,0.55151,,0
chemo_0_hormo_0,grade,3,size_documented,between_021_040,64,165.53,94.34,39,31.37,29.74,37.86,65,158.69,97.66,38,39.54,46.42,36.89,0.8328,0.330472,1.126,0.428168,0.9366,0.720771,1.0041,0.980592,,0
chemo_0_hormo_1,grade,1,size_documented,between_021_040,34,91.40,67.99,2,47.95,56.36,5.56,33,92.81,68.65,2,62.65,35.57,5.71,,,0.1946,0.024533,,,0.3996,0.322199,PFS 2nd (p<0.05),1
chemo_0_hormo_1,grade,2,size_documented,between_021_040,127,107.12,74.09,66,62.85,41.53,34.20,130,104.83,73.77,62,66.02,44.36,32.29,0.8263,0.441839,0.8137,0.245447,0.5386,0.04636,0.8913,0.55151,DDS (p<0.05),1
chemo_0_hormo_1,grade,3,size_documented,between_021_040,109,128.79,73.48,81,54.12,54.89,42.63,119,116.87,73.93,70,59.92,59.66,37.04,0.7818,0.170362,1.126,0.428168,0.8251,0.327277,1.0041,0.980592,,0
chemo_1_hormo_0,grade,1,size_documented,between_021_040,2,50.91,25.29,0,nan,nan,nan,2,50.91,25.29,0,nan,nan,nan,,,,,,,,,,0
chemo_1_hormo_0,grade,2,size_documented,between_021_040,23,98.43,119.19,14,50.16,44.07,37.84,25,95.24,115.60,12,48.74,42.41,32.43,0.9003,0.675292,0.7468,0.354601,0.8951,0.695666,0.5362,0.111244,,0
chemo_1_hormo_0,grade,3,size_documented,between_021_040,76,107.19,91.51,35,28.33,28.12,31.53,72,104.66,88.96,38,38.62,59.45,34.55,0.8328,0.330472,1.0571,0.798912,0.9366,0.720771,0.8845,0.575553,,0
chemo_1_hormo_1,grade,1,size_documented,between_021_040,4,75.12,62.11,0,nan,nan,nan,4,75.12,62.11,0,nan,nan,nan,,,,,,,,,,0
chemo_1_hormo_1,grade,2,size_documented,between_021_040,33,56.92,39.99,13,52.01,43.15,28.26,38,58.73,42.19,8,40.34,28.40,17.39,0.8263,0.441839,0.7468,0.354601,0.5386,0.04636,0.5362,0.111244,DDS (p<0.05),1
chemo_1_hormo_1,grade,3,size_documented,between_021_040,48,81.68,62.57,24,43.12,39.89,33.33,50,80.63,62.66,22,42.01,37.33,30.56,0.7818,0.170362,1.0571,0.798912,0.8251,0.327277,0.8845,0.575553,,0
chemo_0,grade,1,size_documented,between_021_040,44,101.78,77.38,6,70.70,81.53,12.00,45,104.26,79.13,4,48.70,26.20,8.16,,,,,,,,,,0
chemo_0,grade,2,size_documented,between_021_040,167,115.63,79.85,95,61.45,47.40,36.26,174,111.14,79.97,87,66.41,50.67,33.33,0.8971,0.535712,,,0.7231,0.113322,,,,0
chemo_0,grade,3,size_documented,between_021_040,173,142.38,83.47,120,46.72,49.22,40.96,184,131.64,85.22,108,52.75,56.00,36.99,0.7871,0.056189,,,0.8913,0.373622,,,,0
chemo_1,grade,1,size_documented,between_021_040,6,67.05,50.98,0,nan,nan,nan,6,67.05,50.98,0,nan,nan,nan,,,,,,,,,,0
chemo_1,grade,2,size_documented,between_021_040,56,73.97,83.89,27,51.05,42.79,32.53,63,73.22,80.99,20,45.38,36.82,24.10,0.8971,0.535712,,,0.7231,0.113322,,,,0
chemo_1,grade,3,size_documented,between_021_040,124,97.32,82.21,59,34.35,33.88,32.24,122,94.81,79.84,60,39.86,52.10,32.97,0.7871,0.056189,,,0.8913,0.373622,,,,0
hormon_0,grade,1,size_documented,between_021_040,12,122.69,96.21,4,82.08,97.48,25.00,14,123.65,96.65,2,34.75,4.03,12.50,0.2,0.028814,,,0.4104,0.33899,,,PFS (p<0.05),1
hormon_0,grade,2,size_documented,between_021_040,63,126.50,103.91,43,55.63,54.45,40.57,69,117.28,103.16,37,61.33,58.53,34.91,0.8146,0.178184,,,0.8425,0.309472,,,,0
hormon_0,grade,3,size_documented,between_021_040,140,133.86,96.97,74,29.93,28.82,34.58,137,130.29,96.71,76,39.08,52.98,35.68,1.1591,0.218094,,,0.9879,0.922138,,,,0
hormon_1,grade,1,size_documented,between_021_040,38,89.69,66.79,2,47.95,56.36,5.00,37,90.89,67.39,2,62.65,35.57,5.13,0.2,0.028814,,,0.4104,0.33899,,,PFS (p<0.05),1
hormon_1,grade,2,size_documented,between_021_040,160,96.77,71.32,79,61.07,41.71,33.05,168,94.40,70.51,70,63.08,43.47,29.41,0.8146,0.178184,,,0.8425,0.309472,,,,0
hormon_1,grade,3,size_documented,between_021_040,157,114.38,73.43,105,51.61,51.87,40.08,169,106.15,72.52,92,55.63,55.49,35.25,1.1591,0.218094,,,0.9879,0.922138,,,,0
chemo_0_hormo_0,grade,1,size_documented,between_041_060,4,203.96,127.73,1,15.87,nan,20.00,3,206.48,156.31,2,106.14,127.65,40.00,,,1.25,0.835099,,,1.25,0.724939,,0
chemo_0_hormo_0,grade,2,size_documented,between_041_060,1,143.20,nan,5,93.29,68.44,83.33,2,108.13,49.59,4,98.35,77.94,66.67,0.15,0.008041,0.4645,0.044683,0.1875,0.036331,0.4354,0.077141,"PFS (p<0.05), PFS 2nd (p<0.05), DDS (p<0.05)",1
chemo_0_hormo_0,grade,3,size_documented,between_041_060,12,152.82,83.85,6,46.35,40.62,33.33,11,152.31,77.75,7,62.38,77.34,38.89,1.5458,0.212391,1.865,0.044498,1.2466,0.510443,1.4595,0.213595,,0
chemo_0_hormo_1,grade,1,size_documented,between_041_060,6,140.86,44.77,2,18.07,3.49,25.00,4,156.75,44.30,4,63.57,55.97,50.00,2.0,0.490153,1.25,0.835099,,,1.25,0.724939,,0
chemo_0_hormo_1,grade,2,size_documented,between_041_060,19,104.52,91.20,12,60.23,55.65,38.71,22,99.67,87.98,9,57.33,54.99,29.03,0.2459,0.019905,0.4645,0.044683,,,0.4354,0.077141,"PFS (p<0.05), PFS 2nd (p<0.05)",1
chemo_0_hormo_1,grade,3,size_documented,between_041_060,14,114.23,105.97,23,29.55,17.43,62.16,16,100.78,104.80,21,31.74,18.75,56.76,0.5362,0.058858,1.865,0.044498,0.4699,0.049123,1.4595,0.213595,DDS (p<0.05),1
chemo_1_hormo_0,grade,1,size_documented,between_041_060,1,37.33,nan,0,nan,nan,nan,1,37.33,nan,0,nan,nan,nan,,,,,,,,,,0
chemo_1_hormo_0,grade,2,size_documented,between_041_060,7,54.80,42.76,1,19.93,nan,12.50,7,54.80,42.76,1,19.93,nan,12.50,0.15,0.008041,0.7616,0.814041,0.1875,0.036331,,,"PFS (p<0.05), DDS (p<0.05)",1
chemo_1_hormo_0,grade,3,size_documented,between_041_060,16,71.06,87.85,17,25.95,18.40,51.52,17,71.83,84.47,16,22.31,15.45,48.48,1.5458,0.212391,0.6469,0.241268,1.2466,0.510443,0.5501,0.155266,,0
chemo_1_hormo_1,grade,1,size_documented,between_041_060,1,20.53,nan,1,85.37,nan,50.00,2,52.95,45.85,0,nan,nan,nan,2.0,0.490153,,,,,,,,0
chemo_1_hormo_1,grade,2,size_documented,between_041_060,19,44.80,44.98,2,71.97,9.76,9.52,21,47.39,43.50,0,nan,nan,nan,0.2459,0.019905,0.7616,0.814041,,,,,PFS (p<0.05),1
chemo_1_hormo_1,grade,3,size_documented,between_041_060,10,89.82,68.58,5,63.19,59.54,33.33,11,93.35,66.10,4,46.83,54.22,26.67,0.5362,0.058858,0.6469,0.241268,0.4699,0.049123,0.5501,0.155266,DDS (p<0.05),1
chemo_0,grade,1,size_documented,between_041_060,10,166.10,87.26,3,17.33,2.77,23.08,7,178.06,99.16,6,77.76,74.98,46.15,1.4441,0.711531,,,,,,,,0
chemo_0,grade,2,size_documented,between_041_060,20,106.46,89.18,17,69.95,59.51,45.95,24,100.37,84.74,13,69.95,62.63,35.14,0.225,0.001787,,,0.0982,0.001777,,,"PFS (p<0.05), DDS (p<0.05)",1
chemo_0,grade,3,size_documented,between_041_060,26,132.04,96.53,29,33.03,24.11,52.73,27,121.77,96.58,28,39.40,42.10,50.91,0.8691,0.485131,,,0.8185,0.348243,,,,0
chemo_1,grade,1,size_documented,between_041_060,2,28.93,11.88,1,85.37,nan,33.33,3,47.74,33.65,0,nan,nan,nan,1.4441,0.711531,,,,,,,,0
chemo_1,grade,2,size_documented,between_041_060,26,47.50,43.77,3,54.62,30.83,10.34,28,49.24,42.64,1,19.93,nan,3.45,0.225,0.001787,,,0.0982,0.001777,,,"PFS (p<0.05), DDS (p<0.05)",1
chemo_1,grade,3,size_documented,between_041_060,26,78.27,80.06,22,34.41,34.47,45.83,28,80.28,77.21,20,27.21,27.46,41.67,0.8691,0.485131,,,0.8185,0.348243,,,,0
hormon_0,grade,1,size_documented,between_041_060,5,170.63,133.38,1,15.87,nan,16.67,4,164.19,153.11,2,106.14,127.65,33.33,1.7996,0.550985,,,1.2001,0.789726,,,,0
hormon_0,grade,2,size_documented,between_041_060,8,65.85,50.44,6,81.07,68.15,42.86,9,66.66,47.24,5,82.67,76.06,35.71,0.6281,0.24952,,,0.4847,0.134821,,,,0
hormon_0,grade,3,size_documented,between_041_060,28,106.10,94.07,23,31.27,26.55,45.10,28,103.44,89.83,23,34.50,46.36,45.10,1.194,0.374629,,,1.0661,0.761882,,,,0
hormon_1,grade,1,size_documented,between_041_060,7,123.67,61.15,3,40.50,38.94,30.00,6,122.15,66.87,4,63.57,55.97,40.00,1.7996,0.550985,,,1.2001,0.789726,,,,0
hormon_1,grade,2,size_documented,between_041_060,38,74.66,77.11,14,61.90,51.44,26.92,43,74.14,73.96,9,57.33,54.99,17.31,0.6281,0.24952,,,0.4847,0.134821,,,,0
hormon_1,grade,3,size_documented,between_041_060,24,104.06,91.32,28,35.56,30.74,53.85,27,97.75,89.61,25,34.15,26.31,48.08,1.194,0.374629,,,1.0661,0.761882,,,,0
chemo_0_hormo_0,grade,1,size_documented,between_061_080,1,56.10,nan,0,nan,nan,nan,1,56.10,nan,0,nan,nan,nan,,,,,,,,
chemo_0_hormo_0,grade,2,size_documented,between_061_080,3,100.29,136.53,0,nan,nan,nan,2,135.60,172.63,0,nan,nan,nan,,,,,,,,
chemo_0_hormo_0,grade,3,size_documented,between_061_080,0,nan,nan,2,12.19,4.79,nan,0,nan,nan,2,12.19,4.79,nan,,,,,,,,
chemo_0_hormo_1,grade,1,size_documented,between_061_080,2,46.57,44.83,1,22.70,nan,33.33,3,38.61,34.57,0,nan,nan,nan,1.5002,0.709388,,,,,,
chemo_0_hormo_1,grade,2,size_documented,between_061_080,3,51.57,28.64,4,26.31,28.66,57.14,4,39.44,33.69,3,34.05,29.53,42.86,0.875,0.857714,,,1.1666,0.857714,,
chemo_0_hormo_1,grade,3,size_documented,between_061_080,5,51.23,47.86,2,29.73,10.47,28.57,5,51.23,47.86,2,29.73,10.47,28.57,1.5002,0.576999,,,1.5002,0.576999,,
chemo_1_hormo_0,grade,1,size_documented,between_061_080,0,nan,nan,1,6.03,nan,nan,1,6.03,nan,0,nan,nan,nan,,,,,,,,
chemo_1_hormo_0,grade,2,size_documented,between_061_080,2,67.70,49.21,0,nan,nan,nan,1,32.90,nan,1,102.50,nan,50.00,,,,,,,1.0,1.0
chemo_1_hormo_0,grade,3,size_documented,between_061_080,3,158.69,130.97,3,24.63,18.68,50.00,3,158.69,130.97,3,24.63,18.68,50.00,,,0.8572,0.796762,,,0.8572,0.796762
chemo_1_hormo_1,grade,1,size_documented,between_061_080,1,99.03,nan,1,56.50,nan,50.00,1,99.03,nan,1,56.50,nan,50.00,1.5002,0.709388,,,,,,
chemo_1_hormo_1,grade,2,size_documented,between_061_080,1,25.50,nan,1,32.03,nan,50.00,1,25.50,nan,1,32.03,nan,50.00,0.875,0.857714,,,1.1666,0.857714,1.0,1.0
chemo_1_hormo_1,grade,3,size_documented,between_061_080,4,141.10,179.99,3,19.87,13.33,42.86,4,141.10,179.99,3,19.87,13.33,42.86,1.5002,0.576999,0.8572,0.796762,1.5002,0.576999,0.8572,0.796762
chemo_0,grade,1,size_documented,between_061_080,3,49.75,32.17,1,22.70,nan,25.00,4,42.98,29.55,0,nan,nan,nan,2.6668,0.270289,,,,,,
chemo_0,grade,2,size_documented,between_061_080,6,75.93,92.18,4,26.31,28.66,40.00,6,71.50,95.43,3,34.05,29.53,33.33,0.625,0.596701,,,1.5002,0.568618,,
chemo_0,grade,3,size_documented,between_061_080,5,51.23,47.86,4,20.96,12.11,44.44,5,51.23,47.86,4,20.96,12.11,44.44,1.0385,0.936898,,,1.0385,0.936898,,
chemo_1,grade,1,size_documented,between_061_080,1,99.03,nan,2,31.27,35.69,66.67,2,52.53,65.76,1,56.50,nan,33.33,2.6668,0.270289,,,,,,
chemo_1,grade,2,size_documented,between_061_080,3,53.63,42.48,1,32.03,nan,25.00,2,29.20,5.23,2,67.27,49.83,50.00,0.625,0.596701,,,1.5002,0.568618,,
chemo_1,grade,3,size_documented,between_061_080,7,148.64,148.34,6,22.25,14.74,46.15,7,148.64,148.34,6,22.25,14.74,46.15,1.0385,0.936898,,,1.0385,0.936898,,
hormon_0,grade,1,size_documented,between_061_080,1,56.10,nan,1,6.03,nan,50.00,2,31.07,35.40,0,nan,nan,nan,0.8,0.80915,,,,,,
hormon_0,grade,2,size_documented,between_061_080,5,87.25,101.22,0,nan,nan,nan,3,101.37,135.71,1,102.50,nan,25.00,,,,,1.7776,0.505985,,
hormon_0,grade,3,size_documented,between_061_080,3,158.69,130.97,5,19.65,15.05,62.50,3,158.69,130.97,5,19.65,15.05,62.50,0.5714,0.224839,,,0.5714,0.224839,,
hormon_1,grade,1,size_documented,between_061_080,3,64.06,43.84,2,39.60,23.90,40.00,4,53.72,41.34,1,56.50,nan,20.00,0.8,0.80915,,,,,,
hormon_1,grade,2,size_documented,between_061_080,4,45.05,26.77,5,27.45,24.95,55.56,5,36.65,29.83,4,33.55,24.13,44.44,,,,,1.7776,0.505985,,
hormon_1,grade,3,size_documented,between_061_080,9,91.17,124.65,5,23.81,12.06,35.71,9,91.17,124.65,5,23.81,12.06,35.71,0.5714,0.224839,,,0.5714,0.224839,,
chemo_0_hormo_0,grade,1,size_documented,between_081_200,0,nan,nan,1,49.27,nan,nan,0,nan,nan,1,49.27,nan,nan,,,,,,,,
chemo_0_hormo_0,grade,2,size_documented,between_081_200,0,nan,nan,0,nan,nan,nan,0,nan,nan,0,nan,nan,nan,,,,,,,,
chemo_0_hormo_0,grade,3,size_documented,between_081_200,0,nan,nan,0,nan,nan,nan,0,nan,nan,0,nan,nan,nan,,,,,,,,
chemo_0_hormo_1,grade,1,size_documented,between_081_200,0,nan,nan,1,49.87,nan,nan,0,nan,nan,1,49.87,nan,nan,,,,,,,,
chemo_0_hormo_1,grade,2,size_documented,between_081_200,6,78.09,76.81,0,nan,nan,nan,6,78.09,76.81,0,nan,nan,nan,,,,,,,,
chemo_0_hormo_1,grade,3,size_documented,between_081_200,0,nan,nan,0,nan,nan,nan,0,nan,nan,0,nan,nan,nan,,,,,,,,
chemo_1_hormo_0,grade,1,size_documented,between_081_200,0,nan,nan,0,nan,nan,nan,0,nan,nan,0,nan,nan,nan,,,,,,,,
chemo_1_hormo_0,grade,2,size_documented,between_081_200,0,nan,nan,0,nan,nan,nan,0,nan,nan,0,nan,nan,nan,,,,,,,,
chemo_1_hormo_0,grade,3,size_documented,between_081_200,1,11.07,nan,3,16.97,10.47,75.00,0,nan,nan,4,15.49,9.04,nan,,,1.0667,0.857714,,,,
chemo_1_hormo_1,grade,1,size_documented,between_081_200,0,nan,nan,0,nan,nan,nan,0,nan,nan,0,nan,nan,nan,,,,,,,,
chemo_1_hormo_1,grade,2,size_documented,between_081_200,1,17.73,nan,1,34.90,nan,50.00,2,26.31,12.14,0,nan,nan,nan,,,,,,,,
chemo_1_hormo_1,grade,3,size_documented,between_081_200,1,195.93,nan,4,34.08,21.51,80.00,1,195.93,nan,4,34.08,21.51,80.00,,,1.0667,0.857714,,,,
chemo_0,grade,1,size_documented,between_081_200,0,nan,nan,2,49.57,0.42,nan,0,nan,nan,2,49.57,0.42,nan,,,,,,,,
chemo_0,grade,2,size_documented,between_081_200,6,78.09,76.81,0,nan,nan,nan,6,78.09,76.81,0,nan,nan,nan,,,,,,,,
chemo_0,grade,3,size_documented,between_081_200,0,nan,nan,0,nan,nan,nan,0,nan,nan,0,nan,nan,nan,,,,,,,,
chemo_1,grade,1,size_documented,between_081_200,0,nan,nan,0,nan,nan,nan,0,nan,nan,0,nan,nan,nan,,,,,,,,
chemo_1,grade,2,size_documented,between_081_200,1,17.73,nan,1,34.90,nan,50.00,2,26.31,12.14,0,nan,nan,nan,,,,,,,,
chemo_1,grade,3,size_documented,between_081_200,2,103.50,130.72,7,26.74,18.75,77.78,1,195.93,nan,8,24.78,18.22,88.89,,,,,,,,
hormon_0,grade,1,size_documented,between_081_200,0,nan,nan,1,49.27,nan,nan,0,nan,nan,1,49.27,nan,nan,,,,,,,,
hormon_0,grade,2,size_documented,between_081_200,0,nan,nan,0,nan,nan,nan,0,nan,nan,0,nan,nan,nan,,,,,,,,
hormon_0,grade,3,size_documented,between_081_200,1,11.07,nan,3,16.97,10.47,75.00,0,nan,nan,4,15.49,9.04,nan,1.0667,0.857714,,,,,,
hormon_1,grade,1,size_documented,between_081_200,0,nan,nan,1,49.87,nan,nan,0,nan,nan,1,49.87,nan,nan,,,,,,,,
hormon_1,grade,2,size_documented,between_081_200,7,69.47,73.74,1,34.90,nan,12.50,8,65.15,69.35,0,nan,nan,nan,,,,,,,,
hormon_1,grade,3,size_documented,between_081_200,1,195.93,nan,4,34.08,21.51,80.00,1,195.93,nan,4,34.08,21.51,80.00,1.0667,0.857714,,,,,,
chemo_0_hormo_0,grade,1,age_at_diagnosis,between_001_050,9,243.44,75.52,3,72.22,48.12,25.00,10,223.09,95.96,2,88.33,55.44,16.67,1.0,1.0,0.2856,0.208359,1.4997,0.711531,0.4283,0.448599,,0
chemo_0_hormo_0,grade,2,age_at_diagnosis,between_001_050,35,174.08,96.26,24,72.40,58.39,40.68,42,160.62,98.30,17,63.79,44.04,28.81,1.0123,0.962435,0.5462,0.064834,1.3273,0.349239,0.6748,0.307948,,0
chemo_0_hormo_0,grade,3,age_at_diagnosis,between_001_050,38,195.00,98.55,27,57.91,63.85,41.54,40,193.38,96.23,25,49.52,58.58,38.46,1.02,0.912867,0.8373,0.569394,1.1555,0.433738,0.6784,0.285628,,0
chemo_0_hormo_1,grade,1,age_at_diagnosis,between_001_050,13,93.10,77.54,1,49.87,nan,7.14,13,93.10,77.54,1,49.87,nan,7.14,2.0014,0.599126,0.2856,0.208359,,,0.4283,0.448599,,0
chemo_0_hormo_1,grade,2,age_at_diagnosis,between_001_050,28,149.45,67.64,8,71.55,65.77,22.22,29,139.24,74.95,7,102.70,66.77,19.44,1.2187,0.61063,0.5462,0.064834,0.643,0.383831,0.6748,0.307948,,0
chemo_0_hormo_1,grade,3,age_at_diagnosis,between_001_050,15,138.96,76.23,8,39.21,47.10,34.78,17,131.53,78.76,6,27.00,14.86,26.09,0.8626,0.682814,0.8373,0.569394,1.0732,0.864815,0.6784,0.285628,,0
chemo_1_hormo_0,grade,1,age_at_diagnosis,between_001_050,3,44.69,32.37,1,29.43,nan,25.00,3,44.69,32.37,1,29.43,nan,25.00,1.0,1.0,0.5716,0.657619,1.4997,0.711531,,,,0
chemo_1_hormo_0,grade,2,age_at_diagnosis,between_001_050,20,121.68,125.73,14,47.26,36.43,41.18,21,117.31,123.85,13,48.59,39.28,38.24,1.0123,0.962435,0.6576,0.180941,1.3273,0.349239,0.3269,0.006506,DDS (p<0.05),1
chemo_1_hormo_0,grade,3,age_at_diagnosis,between_001_050,68,129.48,100.35,50,26.99,24.76,42.37,65,125.06,98.01,52,36.36,56.52,44.44,1.02,0.912867,0.708,0.1322,1.1555,0.433738,0.6301,0.046505,DDS (p<0.05),1
chemo_1_hormo_1,grade,1,age_at_diagnosis,between_001_050,6,64.28,52.16,1,85.37,nan,14.29,7,67.29,48.28,0,nan,nan,nan,2.0014,0.599126,0.5716,0.657619,,,,,,0
chemo_1_hormo_1,grade,2,age_at_diagnosis,between_001_050,35,58.37,46.60,13,69.17,45.16,27.08,42,60.49,46.52,6,66.98,45.73,12.50,1.2187,0.61063,0.6576,0.180941,0.643,0.383831,0.3269,0.006506,DDS (p<0.05),1
chemo_1_hormo_1,grade,3,age_at_diagnosis,between_001_050,35,113.32,78.19,15,43.57,32.87,30.00,36,113.00,76.83,14,39.41,31.51,28.00,0.8626,0.682814,0.708,0.1322,1.0732,0.864815,0.6301,0.046505,DDS (p<0.05),1
chemo_0,grade,1,age_at_diagnosis,between_001_050,22,154.60,106.45,4,66.63,40.85,15.38,23,149.62,106.72,3,75.51,45.05,11.54,1.1821,0.832899,,,0.7877,0.826538,,,,0
chemo_0,grade,2,age_at_diagnosis,between_001_050,63,163.13,85.01,32,72.18,59.21,33.68,71,151.89,89.55,24,75.14,53.28,25.26,0.9777,0.915117,,,0.9173,0.746179,,,,0
chemo_0,grade,3,age_at_diagnosis,between_001_050,53,179.14,95.52,35,53.63,60.31,39.77,57,174.94,95.06,31,45.16,53.52,35.23,0.9728,0.866134,,,1.1218,0.501962,,,,0
chemo_1,grade,1,age_at_diagnosis,between_001_050,9,57.75,45.37,2,57.40,39.56,18.18,10,60.51,43.66,1,29.43,nan,9.09,1.1821,0.832899,,,0.7877,0.826538,,,,0
chemo_1,grade,2,age_at_diagnosis,between_001_050,55,81.39,88.73,27,57.81,41.58,32.93,63,79.43,84.31,19,54.40,41.07,23.17,0.9777,0.915117,,,0.9173,0.746179,,,,0
chemo_1,grade,3,age_at_diagnosis,between_001_050,103,123.99,93.34,65,30.82,27.48,38.69,101,120.76,90.82,66,37.01,52.02,39.52,0.9728,0.866134,,,1.1218,0.501962,,,,0
hormon_0,grade,1,age_at_diagnosis,between_001_050,12,193.75,111.44,4,61.52,44.74,25.00,13,181.92,114.90,3,68.70,51.89,18.75,0.3808,0.20578,,,0.2539,0.17462,,,,0
hormon_0,grade,2,age_at_diagnosis,between_001_050,55,155.02,109.74,38,63.14,52.31,40.86,63,146.18,108.45,30,57.20,42.04,32.26,0.6118,0.025406,,,0.4799,0.009331,,,"PFS (p<0.05), DDS (p<0.05)",1
hormon_0,grade,3,age_at_diagnosis,between_001_050,106,152.97,104.14,77,37.83,44.84,42.08,105,151.09,102.45,77,40.63,57.15,42.31,0.7488,0.11759,,,0.6476,0.026631,,,DDS (p<0.05),1
hormon_1,grade,1,age_at_diagnosis,between_001_050,19,84.00,70.38,2,67.62,25.10,9.52,20,84.06,68.51,1,49.87,nan,4.76,0.3808,0.20578,,,0.2539,0.17462,,,,0
hormon_1,grade,2,age_at_diagnosis,between_001_050,63,98.85,72.55,21,70.08,52.34,25.00,71,92.65,70.95,13,86.21,58.68,15.48,0.6118,0.025406,,,0.4799,0.009331,,,"PFS (p<0.05), DDS (p<0.05)",1
hormon_1,grade,3,age_at_diagnosis,between_001_050,50,121.01,77.74,23,42.06,37.39,31.51,53,118.94,77.19,20,35.69,27.77,27.40,0.7488,0.11759,,,0.6476,0.026631,,,DDS (p<0.05),1
chemo_0_hormo_0,grade,1,age_at_diagnosis,between_051_065,14,137.67,94.64,8,71.86,71.75,36.36,16,137.80,93.72,6,49.59,42.01,27.27,1.3751,0.702918,0.7098,0.409411,,,0.473,0.187684,,0
chemo_0_hormo_0,grade,2,age_at_diagnosis,between_051_065,45,173.32,92.60,29,99.75,68.37,39.19,52,155.88,93.99,21,121.77,78.20,28.77,0.4254,0.026534,0.9061,0.596176,0.3476,0.040657,1.1164,0.617057,"PFS (p<0.05), DDS (p<0.05)",1
chemo_0_hormo_0,grade,3,age_at_diagnosis,between_051_065,51,178.95,96.24,30,37.41,33.95,37.04,53,164.76,100.83,27,46.71,55.57,33.75,0.8232,0.376599,1.1215,0.515933,0.9034,0.65657,1.1484,0.465525,,0
chemo_0_hormo_1,grade,1,age_at_diagnosis,between_051_065,23,87.64,66.34,8,80.71,31.55,25.81,27,89.02,62.12,4,64.48,23.40,12.90,0.6459,0.632912,0.7098,0.409411,1.2922,0.805047,0.473,0.187684,,0
chemo_0_hormo_1,grade,2,age_at_diagnosis,between_051_065,89,121.47,81.56,49,68.45,53.01,35.51,93,118.61,80.42,44,70.51,57.05,32.12,0.3199,0.002267,0.9061,0.596176,0.3537,0.00703,1.1164,0.617057,"PFS (p<0.05), DDS (p<0.05)",1
chemo_0_hormo_1,grade,3,age_at_diagnosis,between_051_065,76,154.57,75.11,54,55.47,56.49,41.54,79,147.34,79.05,50,55.66,48.42,38.76,1.0833,0.653811,1.1215,0.515933,0.9889,0.955311,1.1484,0.465525,,0
chemo_1_hormo_0,grade,1,age_at_diagnosis,between_051_065,1,68.80,nan,1,6.03,nan,50.00,2,37.41,44.39,0,nan,nan,nan,1.3751,0.702918,0.3334,0.345779,,,,,,0
chemo_1_hormo_0,grade,2,age_at_diagnosis,between_051_065,25,63.24,80.44,5,50.51,55.07,16.67,27,62.90,78.60,3,45.09,57.51,10.00,0.4254,0.026534,0.6815,0.512375,0.3476,0.040657,1.136,0.852857,"PFS (p<0.05), DDS (p<0.05)",1
chemo_1_hormo_0,grade,3,age_at_diagnosis,between_051_065,57,92.91,82.06,25,19.90,13.97,30.49,57,92.40,82.03,25,21.08,19.60,30.49,0.8232,0.376599,1.4759,0.07621,0.9034,0.65657,1.2571,0.328937,,0
chemo_1_hormo_1,grade,1,age_at_diagnosis,between_051_065,5,55.18,38.09,1,56.50,nan,16.67,5,55.18,38.09,1,56.50,nan,16.67,0.6459,0.632912,0.3334,0.345779,1.2922,0.805047,,,,0
chemo_1_hormo_1,grade,2,age_at_diagnosis,between_051_065,39,62.49,53.88,5,58.87,46.43,11.36,39,62.17,54.01,5,61.30,45.17,11.36,0.3199,0.002267,0.6815,0.512375,0.3537,0.00703,1.136,0.852857,"PFS (p<0.05), DDS (p<0.05)",1
chemo_1_hormo_1,grade,3,age_at_diagnosis,between_051_065,33,77.57,61.60,27,45.28,43.46,45.00,37,78.56,60.03,23,38.07,38.76,38.33,1.0833,0.653811,1.4759,0.07621,0.9889,0.955311,1.2571,0.328937,,0
chemo_0,grade,1,age_at_diagnosis,between_051_065,37,106.57,80.80,16,76.29,53.74,30.19,43,107.17,78.07,10,55.55,34.96,18.87,0.8281,0.764223,,,0.6624,0.662343,,,,0
chemo_0,grade,2,age_at_diagnosis,between_051_065,134,138.88,88.55,78,80.09,60.69,36.79,145,131.98,87.07,65,87.07,68.42,30.95,0.3672,0.000187,,,0.3493,0.000651,,,"PFS (p<0.05), DDS (p<0.05)",1
chemo_0,grade,3,age_at_diagnosis,between_051_065,127,164.36,84.72,84,49.02,50.16,39.81,132,154.34,88.49,77,52.52,50.85,36.84,0.9199,0.545822,,,0.9175,0.559473,,,,0
chemo_1,grade,1,age_at_diagnosis,between_051_065,6,57.45,34.52,2,31.27,35.69,25.00,7,50.10,37.03,1,56.50,nan,12.50,0.8281,0.764223,,,0.6624,0.662343,,,,0
chemo_1,grade,2,age_at_diagnosis,between_051_065,64,62.78,64.93,10,54.69,48.22,13.51,66,62.47,64.63,8,55.22,46.70,10.81,0.3672,0.000187,,,0.3493,0.000651,,,"PFS (p<0.05), DDS (p<0.05)",1
chemo_1,grade,3,age_at_diagnosis,between_051_065,90,87.29,75.21,52,33.08,34.91,36.62,94,86.95,74.11,48,29.22,31.19,33.80,0.9199,0.545822,,,0.9175,0.559473,,,,0
hormon_0,grade,1,age_at_diagnosis,between_051_065,15,133.08,92.92,9,64.55,70.61,37.50,18,126.64,94.45,6,49.59,42.01,25.00,0.6485,0.27036,,,0.5404,0.254316,,,,0
hormon_0,grade,2,age_at_diagnosis,between_051_065,70,134.01,102.67,34,92.51,68.17,32.69,79,124.10,99.02,24,112.18,79.22,23.30,0.9076,0.594267,,,1.1618,0.484475,,,,0
hormon_0,grade,3,age_at_diagnosis,between_051_065,108,133.54,98.56,55,29.45,27.99,33.74,110,127.27,98.12,52,34.38,43.84,32.10,1.2635,0.0871,,,1.2031,0.203098,,,,0
hormon_1,grade,1,age_at_diagnosis,between_051_065,28,81.84,62.94,9,78.02,30.59,24.32,32,83.73,59.83,5,62.89,20.58,13.51,0.6485,0.27036,,,0.5404,0.254316,,,,0
hormon_1,grade,2,age_at_diagnosis,between_051_065,128,103.50,78.87,54,67.56,52.11,29.67,132,101.94,77.82,49,69.57,55.62,27.07,0.9076,0.594267,,,1.1618,0.484475,,,,0
hormon_1,grade,3,age_at_diagnosis,between_051_065,109,131.26,79.40,81,52.07,52.46,42.63,116,125.41,80.02,73,50.12,46.06,38.62,1.2635,0.0871,,,1.2031,0.203098,,,,0
chemo_0_hormo_0,grade,1,age_at_diagnosis,between_066_100,16,128.42,94.15,3,43.41,9.97,15.79,14,132.73,92.66,5,65.35,75.95,26.32,,,0.6884,0.582906,,,0.5065,0.208481,,0
chemo_0_hormo_0,grade,2,age_at_diagnosis,between_066_100,49,123.62,68.19,34,61.97,58.26,40.96,55,117.33,67.29,28,61.11,63.34,33.73,0.4883,0.352281,0.6104,0.006351,0.5929,0.525721,0.7181,0.094594,PFS 2nd (p<0.05),1
chemo_0_hormo_0,grade,3,age_at_diagnosis,between_066_100,56,143.46,76.69,23,36.20,32.76,29.11,52,148.34,68.42,27,42.69,61.24,34.18,1.336,0.418082,1.4696,0.035593,1.1378,0.70536,1.0857,0.647239,,0
chemo_0_hormo_1,grade,1,age_at_diagnosis,between_066_100,41,99.97,64.06,5,36.75,45.10,10.87,39,98.92,66.14,6,68.09,50.57,13.33,4.5998,0.10141,0.6884,0.582906,,,0.5065,0.208481,,0
chemo_0_hormo_1,grade,2,age_at_diagnosis,between_066_100,168,108.14,71.33,56,59.04,42.10,25.00,169,106.62,72.57,54,62.72,39.80,24.22,0.8572,0.763995,0.6104,0.006351,0.59,0.396231,0.7181,0.094594,PFS 2nd (p<0.05),1
chemo_0_hormo_1,grade,3,age_at_diagnosis,between_066_100,111,112.93,70.53,83,52.25,45.35,42.78,122,100.32,65.27,72,64.34,66.77,37.11,1.0227,0.940146,1.4696,0.035593,1.0105,0.97546,1.0857,0.647239,,0
chemo_1_hormo_0,grade,1,age_at_diagnosis,between_066_100,1,33.03,nan,0,nan,nan,nan,1,33.03,nan,0,nan,nan,nan,,,,,,,,,,0
chemo_1_hormo_0,grade,2,age_at_diagnosis,between_066_100,4,52.22,56.09,1,85.70,nan,20.00,4,52.22,56.09,1,85.70,nan,20.00,0.4883,0.352281,1.0715,0.946375,0.5929,0.525721,0.7145,0.763573,,0
chemo_1_hormo_0,grade,3,age_at_diagnosis,between_066_100,11,39.98,44.71,7,28.12,16.86,38.89,11,42.05,43.76,7,24.87,17.75,38.89,1.336,0.418082,1.125,0.773753,1.1378,0.70536,0.9643,0.933708,,0
chemo_1_hormo_1,grade,1,age_at_diagnosis,between_066_100,1,19.83,nan,1,78.03,nan,50.00,2,48.93,41.15,0,nan,nan,nan,4.5998,0.10141,,,,,,,,0
chemo_1_hormo_1,grade,2,age_at_diagnosis,between_066_100,11,39.32,26.25,3,17.61,7.99,21.43,12,36.86,26.45,2,21.57,5.80,14.29,0.8572,0.763995,1.0715,0.946375,0.59,0.396231,0.7145,0.763573,,0
chemo_1_hormo_1,grade,3,age_at_diagnosis,between_066_100,9,28.01,21.48,7,24.33,16.82,43.75,10,25.86,21.36,6,27.31,16.28,37.50,1.0227,0.940146,1.125,0.773753,1.0105,0.97546,0.9643,0.933708,,0
chemo_0,grade,1,age_at_diagnosis,between_066_100,57,107.95,73.97,8,39.25,34.68,12.31,53,107.85,74.63,11,66.85,59.90,17.19,2.7076,0.293402,,,,,,,,0
chemo_0,grade,2,age_at_diagnosis,between_066_100,217,111.63,70.77,90,60.15,48.54,29.32,224,109.25,71.31,82,62.17,48.73,26.80,0.7179,0.440341,,,0.5892,0.289408,,,,0
chemo_0,grade,3,age_at_diagnosis,between_066_100,167,123.17,73.85,106,48.77,43.30,38.83,174,114.67,69.61,99,58.44,65.72,36.26,1.0605,0.791269,,,1.0546,0.821822,,,,0
chemo_1,grade,1,age_at_diagnosis,between_066_100,2,26.43,9.33,1,78.03,nan,33.33,3,43.63,30.51,0,nan,nan,nan,2.7076,0.293402,,,,,,,,0
chemo_1,grade,2,age_at_diagnosis,between_066_100,15,42.76,34.66,4,34.64,34.66,21.05,16,40.70,34.49,3,42.95,37.25,15.79,0.7179,0.440341,,,0.5892,0.289408,,,,0
chemo_1,grade,3,age_at_diagnosis,between_066_100,20,34.59,35.83,14,26.23,16.30,41.18,21,34.34,35.09,13,26.00,16.42,38.24,1.0605,0.791269,,,1.0546,0.821822,,,,0
hormon_0,grade,1,age_at_diagnosis,between_066_100,17,122.81,94.05,3,43.41,9.97,15.00,15,126.08,92.92,5,65.35,75.95,25.00,0.8333,0.781632,,,0.5108,0.216075,,,,0
hormon_0,grade,2,age_at_diagnosis,between_066_100,53,118.23,69.54,35,62.65,57.54,39.77,59,112.91,68.20,29,61.96,62.36,32.95,0.6233,0.008023,,,0.7171,0.089144,,,PFS (p<0.05),1
hormon_0,grade,3,age_at_diagnosis,between_066_100,67,126.47,81.82,30,34.32,29.75,30.93,63,129.78,76.25,34,39.02,55.37,35.05,1.3857,0.046432,,,1.0596,0.723428,,,,0
hormon_1,grade,1,age_at_diagnosis,between_066_100,42,98.06,64.47,6,43.63,43.72,12.50,41,96.49,65.71,6,68.09,50.57,12.77,0.8333,0.781632,,,0.5108,0.216075,,,,0
hormon_1,grade,2,age_at_diagnosis,between_066_100,179,103.91,71.32,59,56.93,42.04,24.79,181,101.99,72.53,56,61.25,39.83,23.63,0.6233,0.008023,,,0.7171,0.089144,,,PFS (p<0.05),1
hormon_1,grade,3,age_at_diagnosis,between_066_100,120,106.56,71.65,90,50.08,44.39,42.86,132,94.68,66.01,78,61.49,65.02,37.14,1.3857,0.046432,,,1.0596,0.723428,,,,0
